Name,intergenicGC,Leu2Per,Leu4Per,Ser2Per,Ser4Per,Arg2Per,Arg4Per
AE000657.embl,37.09655956,2.560951261,8.004175318,1.56264063,3.210732512,4.50294993,0.405117558
AE014184.embl,44.70675964,2.929093408,7.381315388,2.385333504,5.512328479,2.67711627,3.59790307
AE015928.embl,33.13750636,3.371359671,5.627488043,2.227147436,4.064014715,0.975245897,3.5657779
AE016825.embl,58.22134945,1.38330195,10.0642175,2.502231858,3.128652558,0.466477115,6.330675109
AE017282.embl,59.94600498,1.296272823,9.573182171,1.966262226,3.265323713,0.691284662,7.13771441
AL935263.embl,37.56211097,5.858157327,4.143834695,2.580797993,3.193802122,0.23624294,4.047248588
AM180252.embl,25.68772488,4.64029548,6.104235307,2.103696984,4.858366189,1.579828833,2.523389641
AM236080.embl,55.00335046,0.850753241,9.014129144,1.794045276,4.017651655,0.682893768,5.95801661
AM260479.embl,63.23202334,0.544310902,9.88026677,1.851870579,3.148306392,0.282647277,6.881542644
AM260525.embl,33.09158894,4.684245013,5.090529205,2.094473051,4.399428822,0.926618492,4.353685148
AM420293.embl,70.78878153,0.514088001,9.842522059,1.610094161,3.653526135,0.565854255,7.816402926
AM494475.embl,26.69938922,6.116732547,4.120952505,3.049789125,4.320187423,2.358961038,1.255449553
AM711867.embl,71.74126638,0.097406056,9.884989828,1.526637005,3.970514375,0.19430479,7.556071898
AM743169.embl,66.17589082,0.850646425,10.14210946,2.511524731,2.913867804,0.241031507,7.233856712
AM889285.embl,60.2509252,0.613858393,9.544733788,1.590874353,3.573511442,0.446155252,7.822617211
AM902716.embl,60.60582936,1.220778668,9.562975017,1.931636395,3.236284874,0.25398961,7.163008089
AM942759.embl,36.60844774,6.02263738,4.374405403,2.437543342,3.905087486,0.767705491,3.90953063
AM999887.embl,32.87630071,5.005968404,4.726879081,3.079889621,4.443440314,2.67418315,1.37055813
AP006628.embl,23.47480343,7.793375751,3.086571155,1.710166255,3.710810694,1.303785354,1.329274334
AP006840.embl,64.70149076,0.475274262,10.48978903,1.437781796,2.854056661,0.598239904,7.741531043
AP007255.embl,57.16801086,0.981431617,9.257531293,1.603362721,3.848207248,0.412820613,6.604309494
AP008230.embl,40.5940407,3.550990761,6.919189519,2.291503257,3.514086771,1.431541556,3.376036228
AP008955.embl,41.63894831,3.808884853,6.250214771,2.091423055,3.86097543,0.939975837,3.938429483
AP008971.embl,26.79364643,5.938538358,2.933012685,1.876709563,4.361059608,2.823600683,0.518789125
AP009152.embl,71.89879546,0.186283598,9.548824391,1.245952132,4.435509196,0.290165281,7.254885705
AP009153.embl,61.57732132,1.46212218,8.433764552,1.986621031,3.875069697,0.160601,7.922608155
AP009178.embl,33.34686567,3.387870249,6.542397908,2.603852693,2.80197376,1.966986596,1.986290699
AP009179.embl,34.31307464,1.91085935,7.765478737,2.232075259,3.682076489,1.94981422,2.031088834
AP009380.embl,41.21779936,2.595585607,7.12987932,2.232206564,4.164000171,1.148248351,4.894141947
AP009384.embl,64.41369248,0.428527948,10.01751629,1.672370848,3.599659613,0.236532023,6.977508339
AP009389.embl,43.67713558,2.254405398,8.079779753,2.022874976,2.989672479,2.555567301,3.929812386
AP009484.embl,30.46837757,4.704875823,4.537662059,2.145855858,3.562140206,1.306215482,2.492459146
AP009510.embl,32.77149713,4.293793004,4.486034459,1.939636183,4.715122193,3.079067309,1.035300337
AP009552.embl,39.62510916,5.932686283,5.292135122,2.583154596,3.836681224,1.503664033,3.828856543
AP010904.embl,57.9549081,1.473301339,9.439978668,1.563280959,3.592419907,0.480701342,6.220744309
AP010946.embl,63.10428313,0.723645158,9.71698133,1.69007851,3.241301051,0.334345038,7.754539562
AP010953.embl,42.04061853,2.580357728,7.752316442,2.522337708,3.440256515,0.473238942,5.199916547
AP010968.embl,73.08089782,0.243703796,10.76210224,1.411531134,3.268357407,0.235908095,8.037602701
AP011112.embl,37.02477988,2.450145914,8.532773518,2.302800984,3.572041657,4.852905413,0.535913539
AP011121.embl,46.21399191,2.354811764,7.802171847,1.933461993,3.8231414,0.542558401,5.876083763
AP011529.embl,28.38127575,6.099041616,3.624149323,1.980487889,3.635199871,2.985513736,0.353043493
AP011615.embl,42.70524189,5.268911642,5.187451298,2.455727364,4.082539952,1.42275361,4.057944043
AP012027.embl,30.69360739,4.821677551,4.747477768,1.980592178,4.350873389,0.651911439,3.407022252
AP012029.embl,45.83460418,2.99779249,8.50326816,1.891469768,3.520001027,0.694443808,5.769606436
AP012035.embl,60.6048807,0.525777074,9.944797781,1.555110361,3.118706641,0.369793626,7.689205385
AP012044.embl,45.07128142,1.789809367,7.828582889,2.273824424,3.880522952,0.89351748,4.561837957
AP012046.embl,30.49424648,6.399867523,3.24350444,2.257395478,3.691970236,0.973892884,2.853132881
AP012050.embl,30.86748915,5.883713661,3.863222349,2.00176521,3.74026346,1.359570071,2.898415028
AP012051.embl,31.29734716,3.494269993,6.367961607,1.769682678,4.422862107,3.002151338,0.845434612
AP012052.embl,70.35765798,0.307961237,9.646111548,1.47869038,4.162035748,0.185565334,7.372340661
AP012057.embl,65.05993207,0.717008938,8.293267545,1.71566417,4.248743915,0.176229347,6.503985202
AP012157.embl,34.30442536,5.476352074,4.1638387,1.762722636,3.937999333,0.647761306,3.123085669
AP012200.embl,23.51927728,6.736226255,3.152544217,1.968929872,3.772657401,1.213229887,2.308199073
AP012204.embl,63.59954011,1.207948384,9.29219165,1.954392294,3.763705535,0.444398829,7.221538963
AP012224.embl,57.99059265,1.19825983,10.28722587,2.407955694,3.020769416,0.255220747,6.38107076
AP012273.embl,49.68359341,1.751719324,9.240636985,2.363129249,3.312693267,0.897688106,5.646255381
AP012292.embl,39.89093598,2.364323136,7.003141198,2.223387695,3.013318009,0.762479705,4.138235015
AP012304.embl,59.40536851,0.889556407,9.668612544,1.91513534,3.317416809,0.292203694,7.166429228
AP012320.embl,68.46291527,0.33948119,10.7901779,2.059357501,2.711061801,0.132651732,8.015726699
AP012331.embl,59.88307959,0.617751332,8.155809624,1.599049545,4.378262457,0.42111311,5.856946251
AP012333.embl,51.62906737,1.962853101,7.248847716,1.781955917,5.38693926,1.030621093,4.915620864
AP012334.embl,42.41300173,2.097656704,7.124289831,2.171272077,5.442579055,1.588833349,3.895702655
AP012337.embl,49.92920427,2.24122495,8.737080232,2.374386153,2.552112061,0.4363211,6.570129791
AP012338.embl,74.18113972,0.333627266,10.11715583,1.724347686,2.969344831,0.268979768,8.038667729
AP012342.embl,44.95750699,2.003571887,8.887073833,1.481557728,6.247593789,2.275340078,3.81424584
AP012492.embl,32.56406103,4.144912847,6.186285371,3.790615314,3.619727522,1.688990112,1.950330579
AP012495.embl,42.66182788,4.413843346,6.084519999,2.276484058,3.716722552,1.164982835,3.351060741
AP012547.embl,57.07841789,1.129229066,9.502220001,1.933835687,3.239829221,0.423279701,6.425767877
AP012551.embl,50.33139747,1.273694116,9.818325054,2.944438366,2.943387969,0.293586012,5.857102217
AP012554.embl,21.26226889,6.496647372,4.084665788,2.257244923,3.939098707,0.634611344,4.391464649
AP012978.embl,60.4599059,0.938122056,10.3709741,1.780062782,2.74548128,0.340432983,8.050003991
AP013066.embl,46.98215569,2.083028936,8.790670097,2.338616608,3.345826848,0.623828733,5.319908099
AP013105.embl,56.58208951,1.05257361,7.984929713,1.607233929,3.911354913,0.308038205,5.479919453
AP014521.embl,15.24298548,7.470665127,2.254728929,1.755260441,4.673234694,1.371249536,2.244556455
AP014565.embl,43.95829362,2.583985482,7.995147075,2.46211799,3.337713124,0.417180118,5.197842449
AP014569.embl,60.26050662,2.158468029,9.893228984,2.802175503,2.204062409,0.161208702,7.058736585
AP014583.embl,27.06644456,6.06961102,3.128212213,2.369836673,4.400541846,1.787413295,1.512406582
AP014624.embl,28.41540311,3.925250088,4.991418131,2.125529665,4.460709935,2.281242596,0.957522155
AP014633.embl,35.92295889,6.74883978,4.408512821,2.501579744,3.312527065,0.649910691,3.92230469
AP014648.embl,59.29801769,1.250730859,8.621387558,1.766454947,3.588680056,0.439864672,6.148110761
AP014685.embl,59.48088439,0.950646716,8.914112029,1.874363141,3.787044452,0.562642789,6.75438424
AP014800.embl,63.88378115,0.527091475,9.904892199,1.583189451,3.301962671,0.488867577,7.366258485
AP014821.embl,26.22225657,7.668889882,2.901296112,2.583112731,4.027400557,1.601402688,2.345119813
BA000012.embl,58.01625588,1.041359204,8.770285152,1.694151542,3.941269282,0.74178273,6.146662051
BA000022.embl,41.7752932,5.559088291,5.813638201,2.536911184,3.258103767,0.908486509,4.129054296
BA000028.embl,31.95092732,5.708352976,3.71845456,1.983051875,4.200646705,1.354539355,2.399615029
BA000039.embl,47.76341846,3.409531489,8.558735524,2.514448968,2.645574887,0.451985115,6.15441687
BX908798.embl,27.62898359,6.74860143,4.989126842,2.056015248,4.701339036,1.457802943,2.654831198
CP000031.embl,58.88556002,0.915770621,9.389591416,1.784136835,3.183294881,0.316622606,6.683374158
CP000038.embl,43.12906271,2.537008564,8.093486045,2.468807163,3.357210153,0.43324598,5.459112007
CP000061.embl,21.13317229,7.830922992,2.998341931,1.64310059,3.795712049,1.341999816,1.289609433
CP000083.embl,32.19540135,6.286659985,4.02659827,3.147747653,4.035532493,0.888279354,2.856313957
CP000088.embl,64.94195693,0.883656775,9.487835996,1.805230846,3.412943533,0.326311218,7.869338159
CP000089.embl,56.41557664,1.681654487,9.119452552,2.163750802,3.456663619,0.35279414,5.9497882
CP000103.embl,50.38558313,2.237063645,8.262160044,2.285200968,3.740721586,1.198971822,5.342526791
CP000109.embl,38.56894259,6.065617131,4.27229289,2.002727463,4.301147664,0.679255135,3.548862469
CP000116.embl,65.0486281,0.840827659,10.11009751,2.050206781,2.899836001,0.32576919,7.078015259
CP000140.embl,34.39851733,5.137443574,4.194006293,2.087332534,4.202778919,0.906965258,3.856018402
CP000141.embl,35.54075358,5.896709093,5.112657028,1.843967912,2.71979057,1.631308538,3.059134762
CP000153.embl,26.94215969,3.852076282,5.909733506,3.02115291,4.272817396,2.403533111,1.035207921
CP000155.embl,46.88507187,3.022694319,7.510018565,2.636583215,3.823661972,0.854788916,5.055928948
CP000157.embl,59.05575431,1.006243091,8.611941052,2.2996619,3.008308005,0.439412155,6.453449708
CP000158.embl,57.73078846,0.67708811,9.103784241,1.755168411,3.815285926,0.369768123,6.280645327
CP000232.embl,50.37794375,2.34364038,8.90889005,2.061101841,2.291269632,1.354524931,5.494185529
CP000238.embl,22.75081032,6.069413531,4.811984835,2.537548218,3.521667189,0.988198221,3.979053053
CP000245.embl,65.45458109,0.456492093,10.43073267,2.049828138,2.815672576,0.324823951,7.381710011
CP000252.embl,43.0847937,1.659953205,8.403777898,1.86119817,4.232711204,1.844251226,4.708814424
CP000264.embl,58.57654567,1.74415533,8.106620195,1.427544316,3.603316644,0.340883249,6.163080323
CP000267.embl,56.35768,2.496784289,8.490643068,2.570023672,3.140668748,0.375740656,5.749397595
CP000282.embl,40.81248721,4.696680014,5.102823,3.236049113,3.641918579,0.628138642,3.808355488
CP000284.embl,47.15823019,2.740690022,8.031652693,2.677702372,3.207279717,0.727714343,5.16409234
CP000285.embl,61.79533854,1.399782552,9.829270181,2.183718743,3.172242718,0.248829099,7.199153392
CP000316.embl,59.58499286,1.314377507,9.433942511,2.410144671,3.198738459,0.475956788,5.978184769
CP000319.embl,58.8960251,1.299159824,8.258602746,1.82795893,3.927958049,0.65507949,6.814774637
CP000352.embl,59.03239554,0.999381154,9.245863002,1.808790999,3.51836347,0.290544356,6.784024463
CP000360.embl,56.86436707,1.658900064,7.689693623,2.200103819,4.03108501,0.398000677,5.557822732
CP000377.embl,57.11691549,1.353533525,8.722596157,1.778499681,3.684162879,0.289907554,6.285541045
CP000383.embl,31.14313169,4.476512319,4.619883217,2.193912517,4.652535751,1.072129073,2.274643093
CP000386.embl,67.91337194,0.398593331,10.6266467,1.592655901,3.359327013,1.809758187,7.834169819
CP000387.embl,33.39921187,3.67031051,6.537919566,2.494151019,3.892250074,0.778237903,3.273308073
CP000388.embl,42.10353083,5.35537807,4.742777775,3.136445286,3.754162568,0.690926981,3.698410824
CP000390.embl,58.54999178,1.056925637,8.941122227,1.718107082,3.88839558,0.840101876,6.409574731
CP000393.embl,30.44306211,6.527890089,3.993480136,2.576539085,3.999285581,1.73167232,2.607596631
CP000411.embl,29.10242305,5.709264948,4.243235621,2.194427523,4.872580495,1.08587331,2.805507244
CP000414.embl,30.03524215,6.233410189,3.317173532,2.081235175,4.314658647,0.673763252,3.089015625
CP000422.embl,29.87767775,5.811927389,3.51479778,2.386481004,3.768362547,0.712489133,3.201789257
CP000448.embl,41.41962259,3.786748877,6.723389871,2.855836951,3.222477588,1.717363494,3.540204021
CP000449.embl,61.636402,1.100769945,8.719592715,1.72564497,3.906792899,0.285239982,6.816310005
CP000453.embl,66.36827903,1.07449998,10.2249679,2.018840284,2.38418747,0.255616613,8.403743785
CP000471.embl,51.2719788,3.947262618,6.998005899,2.698627114,3.081034818,0.411120409,5.596994786
CP000473.embl,60.50842415,1.363302441,8.438713302,2.234453117,3.727329539,0.501775077,6.339900675
CP000478.embl,59.10432266,1.27329468,8.887953791,1.865435646,3.83783987,1.717190555,5.761230515
CP000481.embl,67.38613296,1.349087828,8.677877541,1.701160351,3.367017851,0.279418302,8.195450781
CP000482.embl,55.63343339,1.066706393,9.609100682,2.305559411,3.886965538,1.433833688,5.556864198
CP000492.embl,44.58928943,1.594690691,8.612966302,2.350979698,4.414934392,1.798352859,3.932145948
CP000509.embl,70.5020994,0.328048816,9.931507413,1.559623869,3.524259699,0.273258701,7.623634407
CP000510.embl,36.36651669,5.734776398,4.996556266,2.836472621,3.88384853,0.764875855,3.228674472
CP000513.embl,35.32130433,7.55962402,2.856543719,2.242461286,3.246391938,0.308113537,5.168944157
CP000542.embl,63.90135307,1.546671781,9.217084563,2.517542337,2.843827681,0.443647644,6.754684359
CP000544.embl,66.47369959,0.714307059,9.984016061,1.93911223,2.572371386,0.199479074,8.484721342
CP000554.embl,42.84495371,3.685485744,8.649727546,3.101302505,3.84074165,1.381777562,4.889047946
CP000555.embl,67.39884937,0.635950165,10.4141409,2.257781763,2.881278858,0.208769693,7.498274647
CP000613.embl,68.97270152,0.257861966,10.59736584,1.714582027,2.80761238,0.269943117,8.13296797
CP000628.embl,52.89686117,0.990449017,8.846394159,1.79165714,4.001728457,0.464455457,5.951677767
CP000655.embl,41.32020854,5.323075588,4.953297036,2.30814231,4.089333351,0.79970316,3.89737467
CP000679.embl,32.74489957,4.218166207,5.236693174,2.141398261,3.725279636,3.36019147,0.705318519
CP000685.embl,31.57085843,5.383308136,3.685209332,2.231418391,4.473850777,1.684803138,1.465509155
CP000686.embl,58.67519665,1.679818621,9.096188963,2.042374458,2.775704512,0.380489626,7.871008701
CP000724.embl,33.95654446,5.066941932,4.356357467,2.306677771,3.48569447,2.496631276,1.52860886
CP000733.embl,40.16116666,6.510193331,4.575516091,2.099453636,3.991170169,0.85126441,4.421580247
CP000747.embl,69.29985067,0.183929982,9.831719003,1.438238574,3.060023053,0.288398798,7.770422949
CP000749.embl,38.62939753,5.59941335,4.997735802,2.63955609,4.340465752,0.730366994,3.741532686
CP000750.embl,74.41835677,0.263839146,10.48830895,1.546171677,3.471145696,0.192577237,8.246457211
CP000758.embl,52.15837415,1.238475158,8.431039355,1.661002374,4.021526726,0.439495938,6.064053604
CP000769.embl,73.77452782,0.139495479,10.60427824,1.290427944,3.381912465,0.454150022,8.932196226
CP000774.embl,60.35666142,0.814500938,9.043288524,1.702159116,3.536570548,0.533809946,6.496932239
CP000781.embl,65.69864607,0.534355146,9.7723332,1.481179735,3.554169047,0.294731265,7.079852014
CP000792.embl,28.18393983,3.126695726,6.63331503,4.044068219,2.806299718,2.177737175,1.195248809
CP000812.embl,38.32200514,3.754255973,6.196997195,2.001169924,4.465434747,3.433951793,1.053606516
CP000820.embl,69.47152355,0.399164344,9.633041075,1.665483632,3.591960103,0.507354109,8.28456144
CP000828.embl,40.81599189,4.547616689,6.556986706,2.386185054,4.131664122,0.731844429,4.402178346
CP000830.embl,62.88390105,0.961992906,9.301018462,1.580523392,3.236982055,0.276997137,6.586551741
CP000849.embl,30.51036815,6.037869533,4.074517469,2.722452968,4.021988761,1.895186904,1.379916931
CP000850.embl,67.3981324,0.937499156,9.496552571,1.666745187,3.220511552,0.35060944,8.077730629
CP000859.embl,47.77855263,1.085150607,8.394028806,1.651660838,3.615703726,0.925728044,4.973897787
CP000875.embl,48.35683115,5.909417221,5.220165356,3.362290784,2.521287894,0.109484439,5.710425489
CP000879.embl,32.83533615,6.062628997,3.687679976,1.917419911,4.381455688,2.976846748,0.588484316
CP000884.embl,59.54039138,0.644592319,10.15125594,2.385312275,3.206014221,0.349135672,6.655088838
CP000910.embl,52.82638045,3.415491039,7.000661407,2.308835613,4.444893218,0.624437029,5.469166552
CP000922.embl,37.15243812,5.278619636,4.16961135,1.602821175,3.365995974,0.601251604,4.421135931
CP000927.embl,65.39923118,0.788686269,9.282933392,1.853504392,3.300842968,0.327834725,6.749368473
CP000930.embl,49.58911288,2.322041576,7.783383054,1.817227828,3.380919193,0.746489517,5.986713763
CP000934.embl,45.8618718,3.562394329,7.109855558,3.008712543,3.512532958,0.446799833,5.118871824
CP000961.embl,40.37648077,4.114126524,6.448002949,3.187164408,4.05103673,1.199122332,2.95210884
CP000975.embl,40.62633284,3.779503688,7.571133663,2.080668678,4.669053428,2.74977985,2.490797015
CP000976.embl,20.89033156,6.185062192,4.090499984,2.356641114,4.629830787,2.760104694,0.635541348
CP001013.embl,67.64930036,0.523937631,10.49831021,2.529105617,2.765755816,0.146532528,7.229170499
CP001016.embl,53.00361048,2.171011788,8.477687163,1.849125108,3.809937651,0.568515225,5.996001066
CP001032.embl,64.97898877,1.17338223,9.329423196,2.002235474,3.346589112,0.198282499,7.396133307
CP001034.embl,33.2210877,5.721813664,4.086735703,2.247320957,3.786314588,2.483393525,1.497556235
CP001037.embl,36.14786734,5.742583207,5.283579532,2.643767013,3.889126368,1.051353802,3.893175016
CP001055.embl,37.12139466,4.749275789,4.305985874,2.129725505,3.997163589,2.158029178,1.538571561
CP001071.embl,52.64324218,1.313532431,8.567012685,1.696242559,4.579351342,1.263692313,4.963740023
CP001080.embl,30.77838806,5.651486008,4.213872191,1.622754588,3.863024269,3.388559571,0.154710567
CP001087.embl,41.57286181,1.882707496,8.050945382,1.731476644,4.105040776,1.956429886,3.257899639
CP001096.embl,63.01877603,0.838684322,9.172350203,1.784267489,3.773777133,0.262863535,6.700042324
CP001098.embl,29.08167317,4.137187526,5.787326194,2.148662084,3.224133605,3.014486764,1.706827175
CP001099.embl,49.5774229,1.068695053,8.927888855,2.188556242,4.177940774,0.858537672,4.910218479
CP001100.embl,40.84496478,3.983284829,5.927798198,2.32506792,4.468348628,0.727359133,3.763647184
CP001108.embl,46.89535696,1.175444344,8.824684535,2.267320829,4.490076656,1.758655751,3.998572835
CP001110.embl,43.57661226,1.760370401,8.660764051,2.351136209,4.24060936,1.514615548,3.952848115
CP001130.embl,32.26520818,4.404221032,5.253239676,1.998297514,4.22568246,2.988044184,0.365569352
CP001145.embl,40.70068143,4.128773894,6.562594142,2.528273766,3.566356427,2.523290607,2.106064278
CP001146.embl,28.34399472,5.112143205,5.318379813,1.846457009,3.805212966,4.134732507,0.333126222
CP001147.embl,31.15270522,3.586262814,6.078097012,1.726904976,4.018108529,3.58013,0.559360467
CP001154.embl,55.99402701,0.973198774,10.21783271,2.275754741,3.098069984,0.353390784,6.694810038
CP001185.embl,28.76794298,5.329701689,4.302215994,1.977502882,4.130091169,3.177277878,0.357325544
CP001196.embl,57.54351751,1.050636775,8.737199397,1.726288023,3.855889135,0.318055823,6.773628001
CP001221.embl,29.83784986,5.168987184,5.218696078,1.647679222,6.159199419,2.386211361,2.044797028
CP001230.embl,31.83205816,2.015549463,7.283903365,1.508130368,4.154955837,4.543938814,0.136176895
CP001275.embl,64.31528381,1.82341205,9.849360574,2.005512776,2.590789153,0.292804036,8.921277093
CP001279.embl,25.92191011,4.169367365,5.290045448,2.434464111,2.729016051,2.822789422,0.317947341
CP001280.embl,60.62063528,1.200574545,9.021967595,1.80586336,3.813176637,0.511504775,6.557941961
CP001281.embl,65.60590764,0.543109149,10.57034306,1.91511538,2.85985931,0.278278996,7.679439333
CP001312.embl,63.81998367,0.697987553,9.933128375,1.357966762,3.269737729,0.221574903,7.005953606
CP001322.embl,51.30290521,2.534840054,7.034983983,1.798980085,4.012158697,1.36885694,3.614043242
CP001349.embl,66.7640287,0.450763805,10.014729,1.725566518,3.20362333,0.425549227,8.049434765
CP001364.embl,54.85907031,2.683785953,8.510054447,2.517015686,2.45241789,0.306447765,7.336394329
CP001397.embl,28.84086316,4.970348221,4.20420624,2.765126898,4.004239963,1.829098313,1.820201508
CP001429.embl,21.35819961,6.348693601,2.988415944,1.52250452,5.646788968,2.508626691,1.297634609
CP001472.embl,55.89588443,1.094251908,9.077187673,2.278234714,3.818151469,0.444086979,6.086213082
CP001560.embl,47.62711192,1.316938294,9.574601273,2.719386749,3.057581478,0.353987515,5.824837551
CP001607.embl,33.57492145,6.920461294,3.662260067,2.211328308,3.522911378,0.371820898,4.10521387
CP001614.embl,45.29375457,3.345959238,6.928875258,3.025612088,3.855578162,0.48672745,4.782816312
CP001616.embl,44.91382111,3.315791574,7.745004831,2.307221477,3.625821419,0.441398423,4.791790534
CP001618.embl,72.31039274,0.164169188,10.05339844,1.406980702,3.635989418,0.266592405,7.547019592
CP001619.embl,48.76630556,2.123889821,7.21163252,2.248051193,4.039638728,0.824781125,4.05704766
CP001628.embl,72.37910335,0.15675236,9.946038168,0.751940399,3.848909562,0.165430924,7.873072299
CP001629.embl,54.21027752,1.366384779,9.527480874,2.001629376,3.840575713,0.868279353,5.35996911
CP001630.embl,72.16447419,0.373491413,10.31815394,1.424819887,3.595287659,0.735448102,7.507185736
CP001631.embl,67.77614976,0.800907189,10.02115471,1.696443584,3.798854283,0.453438129,8.240326901
CP001632.embl,36.37230315,4.358771479,4.954425883,2.31640422,3.472377034,0.880405293,2.994575825
CP001634.embl,40.9422252,3.018574135,7.109807871,1.927134857,4.059367435,3.325703166,1.573722058
CP001643.embl,72.31753728,0.07899974,10.64989956,1.477048692,4.032613548,0.229141093,7.396170442
CP001650.embl,29.64124878,4.87123958,4.409120773,2.514943698,3.949820582,1.694189557,2.006787496
CP001673.embl,34.37801145,2.635193143,6.529430993,2.072065492,4.344332862,1.397940746,2.355006304
CP001674.embl,51.485543,2.259857803,8.43490358,2.778275716,3.172202946,0.386778914,5.159984824
CP001678.embl,42.36378044,3.80428109,5.596683691,1.831085105,4.828809292,0.825728282,4.377529591
CP001681.embl,31.42443886,3.726550688,5.851945909,2.606777327,3.64959462,1.892149511,2.012651453
CP001682.embl,46.58342679,2.143903216,6.818104638,2.191658707,4.480314125,0.302451449,5.346704871
CP001683.embl,64.17680649,1.773547415,8.523499343,1.492164215,3.832443996,0.654424254,7.380540333
CP001684.embl,54.84921325,1.11380847,7.548662658,1.798457693,3.874334415,0.621341485,4.79673202
CP001685.embl,24.27667773,5.394994998,3.343758902,1.954557343,3.689092203,2.671160371,0.784576861
CP001686.embl,70.61638443,0.451380424,9.528349195,1.508573627,3.602514229,0.19973977,7.350931645
CP001699.embl,42.61090938,2.586730083,6.914848518,2.601456255,3.58346132,1.534887267,2.929076379
CP001700.embl,67.47550939,0.667888977,9.128763375,1.849177234,3.98802063,0.288826456,6.672123677
CP001706.embl,57.64533584,2.187227975,7.267639966,1.291486427,4.63087537,0.322265844,6.18362732
CP001707.embl,41.19445944,4.808392107,5.369054543,2.654538759,3.874656199,0.752869515,3.672803692
CP001708.embl,33.20013642,2.854590896,6.260866274,1.991417841,4.346779798,3.562290054,0.33113687
CP001712.embl,46.34483289,1.622540836,8.31200505,2.085938536,3.82537165,0.703624773,5.179551545
CP001713.embl,32.60770137,4.686894806,6.624596312,2.064155491,5.961016544,1.515828341,2.991844595
CP001721.embl,40.67971701,2.057468457,7.325573192,1.642328042,5.059286393,1.017935151,3.687206621
CP001722.embl,41.00277149,4.557402697,5.425682234,2.187491041,4.384811661,0.833957921,4.973357743
CP001726.embl,61.64852285,1.006383133,8.364555094,1.757033135,3.965736597,0.474241988,5.580463942
CP001734.embl,55.64194864,2.540761012,8.317821278,2.039663747,3.487892608,0.547618067,5.978261204
CP001736.embl,69.02927334,0.592363224,9.941886422,1.782427668,3.458779196,0.283200575,7.250146464
CP001737.embl,69.63436429,0.826723495,9.379780613,1.5066895,3.727397041,0.185419563,7.6550902
CP001738.embl,69.31039265,0.432755521,10.08457566,1.362770194,3.153913093,0.383750548,8.640342241
CP001739.embl,30.02865494,3.360430951,5.424234374,2.353359622,3.978979838,2.783094971,0.465026861
CP001769.embl,47.68422321,2.443244802,7.645384769,2.43610137,3.850713344,0.447527459,4.792583248
CP001778.embl,64.69842058,0.898864113,9.147812728,1.550417109,3.900282345,0.292465155,7.029428192
CP001779.embl,25.39781268,6.837916879,2.592424084,2.134581845,4.292834585,3.073937218,0.166003677
CP001785.embl,54.13539888,2.243566896,9.72909156,1.660148193,2.812247948,1.671201431,6.286008123
CP001798.embl,46.98502408,4.007821229,7.353191957,2.198732573,3.234418217,0.868247436,5.8122278
CP001801.embl,47.14127688,3.238547689,7.295451794,2.119704093,3.73757104,0.353491233,5.79929786
CP001804.embl,68.5144203,0.64263519,9.703932007,2.671852896,3.155839665,0.176534458,8.151002141
CP001807.embl,62.04088175,0.785745406,10.97444449,1.604893757,2.476925928,0.172924085,8.86314809
CP001810.embl,33.49284218,1.682503347,6.687815434,2.197187674,4.039520437,3.093707464,0.974473973
CP001814.embl,68.72398835,0.2823801,10.27835527,1.535989655,3.562272505,0.869755705,7.335413815
CP001818.embl,60.3134681,1.148228596,9.871277902,1.577889465,4.66919284,3.154017303,4.762030592
CP001819.embl,70.43083337,0.116055779,10.06330813,1.584817008,4.375752993,0.313213606,6.787286393
CP001820.embl,33.76506067,5.409926323,3.525931507,1.966621203,3.705251788,0.568844678,3.684959006
CP001821.embl,71.25810706,0.193343497,9.90245944,1.044866364,3.779636043,0.220863192,7.375895658
CP001823.embl,67.02128774,0.741247461,9.710335392,1.825609811,2.658426494,0.213851891,8.207660974
CP001825.embl,45.7649334,2.622514565,7.909821455,2.447583256,4.191965285,3.982839918,2.29156781
CP001834.embl,27.24642096,5.416619491,4.568528595,2.022923896,4.569727404,1.029111083,2.515368068
CP001843.embl,41.82081359,1.971332643,7.849631413,2.213185295,4.117912001,1.024756695,4.238371274
CP001848.embl,56.19639232,1.507798373,8.849835118,2.81376147,3.847959221,0.20146856,6.108796407
CP001851.embl,49.99449919,1.057337473,8.591137332,1.558636892,3.899420669,0.448890087,6.177978763
CP001854.embl,71.33223069,0.223493173,10.23219144,1.673514458,3.169056063,0.900727645,7.79990417
CP001867.embl,73.30600926,0.235227286,10.48008236,1.484372187,3.23100813,0.26353057,8.198884404
CP001874.embl,72.45346776,0.205745503,10.09398087,1.313259121,3.183430789,0.425831365,8.414827931
CP001875.embl,46.59770336,2.293803025,8.743270675,2.78556067,3.360901124,0.445314675,5.435789868
CP001896.embl,60.40511939,0.868622896,10.76685547,2.010741076,3.168748699,0.284603833,7.862977691
CP001928.embl,34.12690089,4.037418137,6.301962314,2.008243194,4.707083515,1.826182154,3.084044737
CP001940.embl,54.70721646,1.964568099,9.533872391,2.302025179,2.573519776,0.557295626,6.690332346
CP001958.embl,62.27562427,1.757634845,8.233511633,1.807014308,4.054175121,0.693051566,6.376801665
CP001962.embl,60.10138855,1.864737612,12.53711178,1.606406344,2.304749425,1.805127927,6.017183612
CP001965.embl,52.56775262,2.193071166,8.402329637,2.356677863,3.404720225,0.673180768,5.145187995
CP001966.embl,63.38729073,0.70905581,8.970835853,1.40357551,3.935213038,0.245581807,7.178596865
CP001968.embl,39.33373711,1.263330514,7.653545018,2.329512976,4.259091132,2.424129556,1.816803884
CP001992.embl,50.58559815,3.122796774,6.76334204,1.569085415,4.448537291,0.456252271,5.303117362
CP001997.embl,38.27370812,2.654859113,7.7434576,1.932517904,4.292969011,1.944146978,3.360718827
CP001998.embl,51.83949208,2.764102231,7.208820631,2.798193433,3.799255334,0.299121373,5.210791334
CP001999.embl,25.61923432,6.184008927,3.521114605,2.353721798,4.37045062,2.499626861,0.289880971
CP002006.embl,35.9188675,2.271262857,6.467035146,2.444593012,3.145223015,0.579117324,3.987571255
CP002017.embl,55.99487007,3.05664883,6.998889239,1.577853447,3.377703091,0.933507795,6.99732845
CP002018.embl,55.65162241,1.488763183,8.787699038,1.822118857,3.205839299,0.16730421,6.590946531
CP002026.embl,65.07045835,0.429843403,9.921783351,1.543336415,3.448055349,0.282370061,7.046532795
CP002028.embl,41.16714845,3.932914678,5.978001487,1.914490383,3.044182722,2.250072199,2.836536623
CP002038.embl,46.96824682,2.279848518,8.849838382,2.580790348,3.545826398,0.424063972,5.80934991
CP002039.embl,56.84278912,1.187268556,9.63812525,2.418025658,3.42852423,0.27713779,6.214857189
CP002042.embl,60.82684597,2.375173894,9.992443206,2.281283246,2.645883983,0.662371245,6.70955381
CP002045.embl,49.98164679,2.704432361,6.556376444,1.163358686,4.913255288,0.32242476,5.697505845
CP002046.embl,28.87641308,5.687796361,3.629266861,2.43106977,4.137675413,1.841418098,1.537228743
CP002047.embl,67.59717241,0.379777536,9.94577074,1.568095436,3.54022157,0.418994799,7.717948632
CP002048.embl,47.79736234,3.565130599,6.65943058,2.039077777,3.15308106,2.356335553,4.06185981
CP002049.embl,67.23979671,1.651292785,10.72232149,2.262966547,2.405211361,0.489381125,7.505967228
CP002056.embl,36.83916801,5.749674247,4.688883156,2.896681271,3.520425778,0.794188857,3.608729587
CP002084.embl,48.39825572,1.878479816,8.08113378,1.808515924,3.869206052,1.1553168,5.455459871
CP002085.embl,63.77306634,1.837362446,9.389953485,2.170325012,2.404785206,0.424964783,6.652387535
CP002102.embl,66.7199555,0.343553299,9.40015527,1.512284264,3.696769185,0.330892804,7.091024186
CP002105.embl,32.3915955,6.377025142,3.710529313,2.221249395,3.259730645,2.11248256,1.881139489
CP002106.embl,62.42801776,0.428978617,8.987001005,1.816677301,4.458650199,1.380290891,5.558118353
CP002116.embl,46.79218538,2.037083541,8.223948939,2.35096995,4.442376645,1.67488287,4.028874632
CP002131.embl,41.92154758,2.592128547,7.306122511,1.88453707,3.276085665,3.374183403,2.154135407
CP002156.embl,57.68947463,1.858159712,8.454569482,1.834017366,3.767407375,0.611625169,6.501957132
CP002157.embl,30.67386529,5.355950189,3.861163262,2.193389125,4.27179464,1.909086179,1.589128078
CP002158.embl,39.08845931,2.646744969,6.074398521,2.401459292,4.323463848,0.69598123,3.750485508
CP002159.embl,47.40016931,3.424395206,7.463683035,2.430531574,3.639440192,0.604637437,5.26232349
CP002162.embl,70.55667598,0.352205036,10.14813224,1.503173106,3.028196873,0.197941277,8.424357917
CP002171.embl,29.08195296,4.884308232,4.15757834,2.158755935,3.910522958,3.043969428,0.636897302
CP002198.embl,36.01544007,6.405759316,4.815824936,2.47234591,3.906813921,1.1444809,3.563510663
CP002209.embl,57.79771408,1.395322636,10.0374988,2.68199762,2.893856602,0.179634986,5.737013592
CP002224.embl,55.90674593,1.48500855,8.781962318,1.802034918,3.238979369,0.162385356,6.586441007
CP002271.embl,64.2393146,1.14903805,9.932066162,1.984002708,4.009772882,0.497875886,7.153648178
CP002273.embl,35.8714875,2.125019925,7.148670734,2.39853582,3.22945414,1.226692478,3.126208707
CP002280.embl,46.84616987,1.637207114,7.737245902,1.738867426,4.788396722,0.404960911,5.545527996
CP002281.embl,30.44600251,3.324961078,5.779006856,1.967623455,4.136611129,3.330380106,0.361354585
CP002287.embl,59.63863934,1.228163896,9.553622885,2.026622458,3.401412891,0.259175093,6.74559255
CP002292.embl,58.37474215,0.877447135,9.016268735,1.779237176,3.822409674,0.568574454,6.610378104
CP002304.embl,29.0361359,5.593135546,4.365059302,2.455420699,3.450122542,2.85098632,1.045993651
CP002305.embl,39.05767195,4.792550001,4.952736201,2.228869489,4.251390439,2.538763575,1.612794104
CP002339.embl,37.95215353,4.812592336,5.204310923,2.946031353,4.099892763,0.893249204,3.505286357
CP002343.embl,69.98933968,0.317820196,9.865843405,1.617638751,3.825265771,0.430475845,7.432988166
CP002344.embl,72.87869712,0.785479839,9.700685381,1.311153364,2.22241245,0.278613841,9.06935229
CP002345.embl,36.30563149,4.291071612,4.949749213,2.313544362,4.501508458,1.125739051,2.652456965
CP002347.embl,33.55588097,3.854522222,5.633641308,1.841071418,4.303453247,3.269176928,0.512000286
CP002349.embl,33.98530496,5.809428056,3.568767467,2.560595133,4.281208255,2.277804173,1.189079488
CP002353.embl,61.23513458,2.771465095,8.039602842,1.467475426,4.168773149,0.359636195,8.059474397
CP002355.embl,42.38010361,3.270845977,6.521836859,2.518038167,4.246368016,0.558689913,3.789263763
CP002360.embl,40.32573559,4.045253454,4.736963767,2.304686728,3.36123059,2.035572606,2.573907621
CP002361.embl,68.55381437,0.603503566,11.39147227,1.795407303,2.018164818,0.250856854,7.883620965
CP002364.embl,56.85586435,1.799428596,9.133320015,2.023163798,3.305950596,0.546873895,5.96849674
CP002382.embl,47.94213829,2.976476043,5.966755023,1.696421153,3.656438199,0.18694269,5.619135427
CP002390.embl,29.48932191,5.688619622,3.374119639,1.935867379,4.273479073,2.288915414,1.641502166
CP002395.embl,55.86965681,1.356562498,8.905097867,1.719619626,4.049488411,0.394901936,6.021958443
CP002400.embl,49.89095465,1.486666659,8.205526797,2.109999329,3.847317034,0.58585269,4.976835372
CP002417.embl,63.03281554,0.778424353,9.615811126,2.216229043,3.237492189,0.230161768,6.525167395
CP002422.embl,44.22930253,3.778763668,6.085512909,2.182653552,3.351581721,0.587375177,4.863186997
CP002432.embl,52.28739288,0.737141665,9.649062821,2.875624002,3.432337795,0.653503089,5.699171154
CP002444.embl,48.99608775,1.339280257,9.760138874,1.672548704,3.670748829,4.041350113,1.745897855
CP002452.embl,48.35873806,1.457400789,8.98986421,2.507945177,2.878231995,0.913922958,5.18559855
CP002453.embl,32.39656623,5.981834322,3.357059048,2.464106894,4.116540932,1.698884352,1.452841205
CP002455.embl,32.07963221,5.59798162,3.785133063,1.750444388,4.206398438,1.225817454,2.493411445
CP002479.embl,55.94448404,0.909811629,9.60020661,2.206330024,3.733190007,1.494192525,4.74827072
CP002512.embl,34.15647497,5.195571789,4.679837115,2.467552055,3.673677769,0.813387259,3.286400033
CP002514.embl,56.98818637,1.181646826,9.72218253,1.75358377,2.973997557,0.318584906,7.643552694
CP002521.embl,66.1485806,0.437193115,10.11793243,1.937851056,3.230913487,0.267934585,7.248083606
CP002528.embl,33.05944379,3.571193425,5.542496519,2.541271088,3.793284401,1.537930879,2.180324115
CP002542.embl,35.43447349,5.870722811,3.349280921,2.097439052,5.088034061,1.14741387,2.324089149
CP002543.embl,33.0180474,3.417199315,6.652671596,1.606717634,3.971153444,4.005305594,0.513535531
CP002544.embl,40.20627199,4.54624761,4.873906155,1.934389091,3.868229276,1.096207402,3.887950736
CP002546.embl,55.43912679,2.011017118,8.025187328,2.094257823,4.164811921,0.329893906,6.111264882
CP002547.embl,42.29876142,3.311797095,6.836529384,2.295867156,3.691247509,2.136684067,2.684520658
CP002548.embl,21.82392496,7.912952893,2.510015123,1.673812665,3.746822511,1.534445589,1.397491795
CP002568.embl,63.36477292,0.468940771,9.893172774,1.504933777,3.428697239,0.516504452,7.211847614
CP002584.embl,36.91258896,4.987088523,4.893288598,2.530824069,3.786411265,1.392698288,3.116029717
CP002593.embl,72.64844972,0.366427212,9.761930751,1.261033928,3.429734871,0.329176758,8.115808635
CP002606.embl,35.52332492,4.280225769,5.209677281,2.247199583,3.853023268,3.601278937,0.522464844
CP002623.embl,52.00713242,2.22412029,7.573377579,1.809761089,3.722879776,0.505716619,5.618351138
CP002628.embl,56.11881491,0.965174737,8.428080031,2.022267,4.659705685,1.111558894,6.178990861
CP002629.embl,44.56112003,3.253758339,8.230533424,1.9396709,3.241271535,1.072405623,5.344351992
CP002630.embl,61.71045837,1.445208484,10.86870247,1.552311649,1.960052752,0.346374662,8.153669634
CP002638.embl,67.61657285,0.806071632,9.806083609,1.701409479,3.008498256,0.208143433,8.123811706
CP002657.embl,64.0889364,0.615943542,10.16265417,2.132188742,2.782898212,0.336556721,6.979566649
CP002663.embl,49.45903713,2.670300606,8.053794635,2.338613124,3.662690207,0.485821612,5.594903434
CP002666.embl,75.35686086,0.068592926,10.19301048,1.092833134,3.568983014,0.124984602,7.902186644
CP002667.embl,31.66843906,7.050785231,3.356135773,2.329271085,3.526053161,0.709865903,3.614880762
CP002683.embl,39.97057878,4.033625151,7.370651372,1.591220929,3.34923214,2.011535311,3.32381511
CP002690.embl,30.59986453,4.987096118,5.24586915,2.129901106,4.96145351,3.568668731,0.373165141
CP002691.embl,45.75119941,4.362876369,5.716646832,2.731244725,3.359435874,0.630764125,3.980840038
CP002701.embl,14.74407945,7.687572596,2.330037844,1.768002526,5.321671547,1.664159811,2.013692251
CP002725.embl,34.81786703,3.999631957,4.702047287,2.39096233,4.9540149,1.352758702,3.383362858
CP002738.embl,46.95325026,5.199251283,5.811360277,2.702174476,3.333252039,0.750173088,4.72374987
CP002786.embl,59.08695674,1.028699778,8.938706999,1.912278975,3.945491767,0.57611623,6.660126769
CP002810.embl,72.57390074,0.079198836,9.945276679,1.045112081,3.645415063,0.175538096,7.79410319
CP002825.embl,26.94589406,6.557257288,2.536629099,2.448764982,3.854491457,1.646657039,1.388382257
CP002831.embl,45.6778562,4.77780547,6.586752936,3.265187279,3.178522661,0.875276347,3.866717964
CP002835.embl,38.50508174,4.898721685,4.805833918,1.672875687,3.499747034,0.839290488,4.07758439
CP002858.embl,35.62965653,3.167308935,6.03613732,2.400821812,4.222577697,2.818831186,1.209495097
CP002859.embl,44.47263207,3.89428874,5.816292733,2.113663626,3.896264613,0.675644407,4.076121009
CP002874.embl,20.54516652,5.784504849,2.79767308,2.234644655,4.445711456,2.847668847,0.254801576
CP002876.embl,39.4334459,4.484040102,5.951851541,2.40922259,3.776347838,0.912569245,4.420199563
CP002899.embl,26.57213117,7.38257196,2.557683895,1.748950667,4.171184758,0.590625585,3.256124054
CP002901.embl,52.8182694,5.18879434,5.550067016,1.644015102,3.410077913,0.261858229,7.005423865
CP002902.embl,56.36526144,1.7565993,8.230253832,1.652215223,3.638979517,0.678577755,7.05884456
CP002930.embl,44.77643348,2.816256659,6.811046897,2.137269895,4.811608898,0.562584269,4.121615593
CP002955.embl,36.03835066,5.249793444,4.466275512,2.370260372,4.202804698,2.421480729,1.340298557
CP002959.embl,53.1884577,1.651712903,8.303489662,2.130263398,4.003071137,0.827584342,5.064296302
CP002961.embl,33.30496932,5.342193883,3.883932029,2.317097831,4.151227467,1.330694607,2.403415999
CP002976.embl,56.02599601,1.439131547,8.695429722,1.903344567,3.455659737,0.290967333,6.234353276
CP002985.embl,51.88595908,2.513567235,8.48262183,2.445301424,3.007185624,0.527143195,6.133823197
CP002987.embl,32.5493348,4.785187152,4.594019931,2.21431012,3.520184203,0.829435922,2.848748512
CP002991.embl,31.78592465,5.348887431,3.921899149,1.917183365,3.386279276,3.184135578,0.737898965
CP002999.embl,39.46531528,5.051490833,4.337770193,2.140471,4.153899036,1.681613575,2.002977866
CP003051.embl,63.74082251,1.209355952,10.1245911,1.910337308,2.852680407,0.41006024,7.911847774
CP003058.embl,43.18378968,1.532046836,8.185335944,2.202134177,3.363972409,0.773907619,4.280632913
CP003075.embl,57.03506329,1.114300272,8.930618251,1.523116012,3.970420176,0.542427649,5.953859297
CP003096.embl,44.46313806,3.946903768,6.482521442,2.024031707,3.953949714,3.707341624,1.663346405
CP003108.embl,39.35223859,4.586373759,5.744537579,2.301722032,3.815167254,1.564686562,2.915309689
CP003119.embl,64.16783329,1.122854809,8.388803691,1.440235233,4.245147351,0.231006977,7.136315039
CP003130.embl,54.63445217,1.361343435,8.65902835,2.37954686,4.329445277,0.632401721,5.065414596
CP003147.embl,45.97561944,1.712993085,8.398203722,2.053026138,4.174818344,0.545820698,4.714161311
CP003153.embl,63.24532226,0.583340036,10.82262966,2.075195569,3.131065075,0.203087134,6.56051
CP003154.embl,60.62631336,1.454900313,9.920924046,2.024997309,3.226104441,0.380655042,7.638938569
CP003155.embl,42.83818581,2.998170159,7.449539557,2.39077119,4.665487788,1.813341338,2.364484126
CP003156.embl,38.70489411,3.901099873,5.321760142,2.958516375,4.007850887,1.426129408,2.257973121
CP003171.embl,50.83688085,1.120655672,11.00575032,2.572988458,2.682488594,0.356416925,6.175807642
CP003178.embl,42.59190075,3.596352241,5.655625289,2.659059843,3.486263113,1.087532795,3.007309084
CP003183.embl,52.25332807,1.532001656,8.899225827,2.169541987,3.817716613,0.769116803,6.548251761
CP003191.embl,38.31551259,3.08956957,6.003297039,1.928743172,4.157999299,0.937493007,4.616949169
CP003198.embl,43.74899928,4.243217606,6.248909125,2.021400114,3.932612408,3.233542022,2.121722633
CP003203.embl,58.34874553,1.581097167,8.513729979,1.871574539,4.308384281,0.6735488,5.425702324
CP003236.embl,64.98732182,0.344576317,10.19249872,1.482279669,2.784795334,0.296026287,7.890797664
CP003255.embl,56.40199223,1.070415,9.057692067,1.728337785,3.4162999,0.732070235,6.546417391
CP003257.embl,28.03457188,6.13549971,3.136274044,1.537596279,4.108664919,2.763332336,0.403372461
CP003260.embl,37.36450684,3.953318296,5.74429758,1.97673613,3.853473029,3.118759671,1.150799455
CP003264.embl,35.67940506,5.002828518,4.866756434,2.052452188,5.153019502,2.112718097,2.190419426
CP003273.embl,39.96480702,3.919267561,6.036795634,2.182622482,3.105241599,1.70836321,3.532005776
CP003280.embl,33.98330484,4.821492503,4.396883816,2.405972686,4.115720785,1.270150415,2.068958933
CP003281.embl,34.11925256,5.081112998,4.611336729,2.12036383,4.445948102,2.787855997,1.148896358
CP003283.embl,33.93844701,5.552118299,3.703278583,2.297051767,3.699149209,1.651819584,2.018214039
CP003313.embl,32.9748568,7.02110954,3.743964195,2.284602609,3.407863181,0.504187178,3.933658381
CP003315.embl,12.41761933,7.839210851,2.130702836,1.725277435,5.263131936,1.502836005,1.954130703
CP003345.embl,27.83916726,5.552392396,3.740998626,2.142428922,4.494006191,1.57192075,1.929457828
CP003346.embl,42.67435428,3.784106197,5.634072378,2.328685501,3.903522789,1.703080056,2.427972222
CP003349.embl,35.4872373,5.248796737,4.009519565,2.320964715,4.344021173,1.254397571,2.339890028
CP003350.embl,62.74091631,1.475953096,9.955288264,2.68568144,3.196137628,0.407164442,6.942204162
CP003359.embl,30.39947829,7.849164012,2.406419045,2.340780475,3.098942095,2.3688362,1.366517496
CP003360.embl,48.1178395,2.379265035,7.635132227,1.839116178,4.444009123,2.040236325,3.993172478
CP003364.embl,60.23616375,1.674857451,8.78419631,1.969069429,3.948456762,0.591724169,6.958268823
CP003379.embl,58.95515603,1.213168412,8.642076352,2.369338615,3.902257853,0.380531525,5.816099907
CP003382.embl,61.7459496,1.048849714,10.54927863,2.865138438,2.744872484,0.381863411,7.285281218
CP003389.embl,67.09303775,0.575314639,10.36241092,1.714719848,3.829970276,0.323194798,7.406133856
CP003390.embl,42.28886149,4.922154416,5.918929666,2.561024496,3.600368389,0.778536772,4.326948756
CP003403.embl,43.47191167,2.419217098,8.369173977,2.643328017,3.588234757,0.373225335,4.97377231
CP003415.embl,42.24477825,3.081522458,7.745745074,2.636765233,3.69267153,0.486082413,5.124527931
CP003418.embl,28.5641821,4.211572286,5.254306836,1.955227092,4.922313925,2.57392099,1.138375479
CP003422.embl,52.19855718,1.006396215,9.56068149,2.106390044,3.905775788,0.907473754,4.998195124
CP003466.embl,55.84658052,1.934070008,9.274546547,2.312664655,3.039764024,0.344585875,6.972479815
CP003470.embl,66.87822519,0.961140996,10.24886107,2.394387424,2.80312353,0.259766768,7.199657283
CP003488.embl,33.82746866,5.436486652,4.943095187,2.505085476,3.912642707,0.695942082,3.969504098
CP003493.embl,65.92680599,0.272131061,9.352568382,1.398649736,4.584151172,0.886954271,6.554155519
CP003495.embl,67.01601111,0.485055664,12.43774352,2.812028288,2.778804605,0.491933017,7.618286679
CP003532.embl,44.78520266,1.999990459,8.028286934,2.260342835,5.172043665,4.136716602,1.223882769
CP003546.embl,39.03707822,3.43488491,7.534322251,2.458516624,3.758976982,0.873248082,5.518158568
CP003549.embl,34.14432831,6.759637978,3.679999015,2.704334266,4.164502039,1.481198725,3.172597087
CP003557.embl,33.39506465,3.823589363,5.538311653,1.81821861,4.430599968,2.200172839,1.966923622
CP003558.embl,45.15472997,5.174302654,6.472405536,2.448632661,3.345164148,0.533785139,4.707406577
CP003563.embl,57.7959276,0.981867301,9.031158161,1.761038049,3.917201628,0.759502518,6.395588248
CP003587.embl,52.34037032,1.716430115,10.07932726,2.91138595,3.029137072,0.655474214,6.394012559
CP003590.embl,40.26540097,4.931564624,6.263589932,2.394187472,3.869992324,1.137333059,4.672134713
CP003591.embl,53.72886205,1.960146921,9.518011535,2.626904715,3.513362532,0.275448235,6.230207183
CP003592.embl,39.91609817,4.308550398,6.203702723,2.859266443,3.515490834,0.907533558,4.232446156
CP003597.embl,41.33651586,5.591205592,5.357033443,2.57825901,3.729341796,1.075561769,4.561355411
CP003600.embl,42.80444188,4.983417343,5.767018364,2.663963093,3.828880221,0.901181442,4.672464557
CP003607.embl,46.11703496,5.363124757,5.672639493,2.384844464,3.987216353,0.719281407,4.718282059
CP003620.embl,36.74459354,6.268607674,4.674702381,2.644442393,3.870568429,1.150972042,3.876079262
CP003630.embl,43.94243236,4.911920009,6.228227088,2.553864716,4.021677013,0.926253924,4.494834193
CP003642.embl,38.85874359,5.724656856,5.357177015,2.592975163,3.848867805,1.134373499,3.797539649
CP003646.embl,39.30788468,5.71274174,5.260413313,2.580499324,3.520208562,0.77264613,4.725300186
CP003653.embl,31.90794791,7.19466644,4.116106195,2.458600214,3.912650257,1.373489857,3.205422703
CP003659.embl,36.11766602,6.48703441,4.434222421,2.545168764,3.877397316,1.291705601,3.367644324
CP003729.embl,67.04781002,0.49606067,10.0097992,1.504461931,3.456161218,0.193287049,7.454871322
CP003732.embl,48.58996132,2.324705882,8.559240987,1.97373814,3.017533207,2.51427704,4.413267552
CP003742.embl,51.1489247,2.767788545,6.771910494,1.713377537,3.636475153,0.500860473,5.983424689
CP003746.embl,50.21894263,3.078185046,7.750321017,2.574249201,3.321730964,0.382605138,5.202529986
CP003778.embl,62.63207197,2.002866509,8.759508089,2.578486942,3.018358004,0.243545537,7.191744923
CP003787.embl,27.79196555,4.811244047,4.565425717,2.080961784,4.314961087,2.527877802,1.011586712
CP003788.embl,66.65335302,0.704819617,9.658443176,1.352371154,4.150419401,0.654806683,7.905671205
CP003789.embl,26.82254855,4.693547621,5.197534288,1.844036491,5.879303064,1.358415228,3.575007059
CP003796.embl,32.67233571,5.378428777,5.6167172,2.031287811,6.07222673,1.490370244,2.937467082
CP003801.embl,31.07088873,5.793627208,4.111166144,1.977216444,5.464091134,1.982499587,1.136095977
CP003837.embl,35.2993111,6.065838412,4.286770484,2.923846744,4.006991807,1.124766131,2.973845215
CP003870.embl,36.71782817,3.054276952,6.972986895,2.293884525,3.745800653,2.050631561,2.605665843
CP003876.embl,63.98975073,1.113811263,9.239195531,1.641733194,3.363776336,0.329357761,7.328572601
CP003879.embl,30.04905504,5.30241237,4.336350291,2.450347641,4.630548981,2.099689133,1.396557639
CP003915.embl,47.59286305,2.048066784,8.250757102,2.286359244,3.748718581,0.604506481,5.329967131
CP003926.embl,49.56957202,1.022194774,9.380025907,1.975039559,4.253126536,0.669241289,6.18825976
CP003943.embl,39.56642854,5.821454265,5.207771703,2.620342458,3.797036791,1.105503079,3.904869814
CP003944.embl,40.71511875,6.102215497,4.578527263,2.526911864,3.841451979,0.859667504,4.158169001
CP003945.embl,40.33754093,5.764855157,5.164673149,2.499396744,3.82062256,0.714011083,4.356541466
CP003946.embl,40.14379857,4.402525242,6.310042338,2.531188052,3.962276322,0.667850802,4.101086082
CP003947.embl,32.11672103,7.595488096,3.159428545,2.573411716,3.907820304,1.759590015,2.316491651
CP003949.embl,62.56341634,0.733133793,9.250543754,1.605421414,4.162107524,0.385406547,6.828999689
CP003969.embl,72.05265074,0.317375303,9.955779366,2.057729721,3.392684346,0.626171433,8.030039016
CP003984.embl,47.85281219,3.78746562,6.228650494,1.96920202,3.755570742,0.513589314,5.3253712
CP003985.embl,42.62940554,2.059038827,8.408595819,2.310350084,4.236467767,1.616472311,3.381656714
CP003989.embl,64.63101658,0.890025318,10.26272729,1.80602859,2.88377715,0.383477663,8.592331434
CP004025.embl,66.75371089,0.849330501,10.23395838,1.825113846,4.224704832,0.414785626,7.561607305
CP004083.embl,40.74207762,3.850399021,6.859498788,2.702206525,3.621399728,0.34479965,4.835891273
CP004121.embl,24.55106516,5.811354158,3.068297542,2.450780983,3.920011987,2.60434154,0.500056885
CP004345.embl,40.31853911,1.730880307,8.690092597,2.377042927,3.589176799,0.35109834,5.074760516
CP004348.embl,38.95207467,5.05032802,5.278165929,2.328904468,4.053556908,0.823721668,4.162028594
CP004349.embl,23.35998292,7.040189686,2.172945092,2.070938601,4.443542075,2.389477546,0.770764091
CP004372.embl,63.53491925,1.225985776,8.822024272,1.465226447,3.194226037,0.297824215,6.984394894
CP004388.embl,49.32821573,1.614372616,8.059092438,1.858202799,3.721157466,0.357281011,5.780423644
CP004393.embl,62.25899249,0.455444849,9.868058962,1.385328551,3.652681894,0.496162313,6.978016308
CP004856.embl,35.69493517,5.947560138,4.106002074,2.250615039,3.562162731,0.517484129,3.405835225
CP005094.embl,60.71143238,0.955719092,11.23941006,2.549196634,2.75449974,0.470707728,7.480145503
CP005383.embl,32.76386843,6.10138191,4.122550251,2.296356784,3.601256281,0.651444724,3.712625628
CP005384.embl,32.51190723,6.18134233,3.970160616,2.250984406,3.488974496,0.675224246,3.85801811
CP005964.embl,40.23510283,4.500372229,5.843485301,2.73156836,3.737445123,0.599912403,4.601062826
CP005990.embl,57.80922901,0.713364648,9.877547908,2.141585645,2.952408103,0.266351531,7.879828554
CP005996.embl,35.51510252,5.836196548,4.631641468,2.536670451,4.014014089,1.058825593,3.421948891
CP006265.embl,32.7296299,5.110067322,4.915941335,3.154605974,3.419856718,0.444471048,3.869609307
CP006272.embl,65.96572416,0.392448741,10.12069402,1.750893725,3.425759722,0.244994027,7.393838734
CP006566.embl,46.4475883,2.627631789,8.750568212,2.686931689,3.106940971,0.324217135,5.474597184
CP006569.embl,53.39395558,2.776712018,8.558247472,2.519689434,3.082488282,0.381115816,6.16257376
CP006587.embl,53.7330081,0.919335838,10.34897298,2.4607117,2.876146898,0.112241688,6.247626085
CP006597.embl,32.28901024,4.978609734,4.479530829,2.238481944,3.583668356,0.84528827,2.807851345
CP006617.embl,38.78541918,4.114869681,5.321862362,3.218270744,5.110416328,2.828125992,2.279043835
CP006644.embl,62.21382334,0.697671721,9.107769536,1.950254404,2.972213178,0.324152169,7.455230123
CP006650.embl,58.98125573,1.137937658,9.218929491,1.767252365,3.544293044,0.235473588,6.868441368
CP006664.embl,51.88768006,1.329437987,10.16616717,2.828095467,3.016014638,0.33433009,6.290554399
CP006696.embl,45.10900584,4.243443165,6.406236951,2.392935033,3.351628718,0.552763406,6.121743488
CP006704.embl,54.87308249,1.157853092,9.568026879,2.675119977,3.2826861,0.510782127,5.826362172
CP006734.embl,65.76992116,0.407103015,9.613391268,1.858537963,4.059482119,0.451486427,7.176338494
CP006772.embl,32.83729101,2.4132427,6.714939687,2.085678691,5.011092341,3.060163243,1.352273409
CP006773.embl,58.80840587,0.993716008,9.040329956,1.808171207,3.419370338,0.381537496,6.162556104
CP006842.embl,60.10125306,0.814869676,8.765502594,1.501308804,4.562912123,0.521448749,6.27509955
CP006866.embl,38.98320549,4.213213744,6.162538376,1.617454016,4.01459502,0.232052251,5.173141734
CP006914.embl,38.89392984,3.549898537,6.079604685,1.955059598,4.895810534,2.680694621,1.485771099
CP006939.embl,47.03561297,1.136354987,9.103421288,3.131602713,4.274942388,1.634237865,4.836627703
CP006949.embl,38.23258625,2.47681741,7.783870397,2.539940184,3.790372274,1.262339866,3.702509072
CP006955.embl,34.26619522,5.807694991,4.518813458,2.568051659,3.346332029,0.453837305,3.915475196
CP006958.embl,61.82354379,0.955196033,9.938449682,1.927326009,3.223685211,0.197275359,7.195404513
CP007028.embl,38.11918991,3.748133302,7.743631394,1.939728576,3.40514117,4.667618574,0.745260115
CP007030.embl,38.05575481,5.883753528,5.195568271,2.451429559,3.16442328,0.483880259,4.518673554
CP007031.embl,63.51517282,0.760159517,11.15094959,2.005433203,2.581570927,0.218249658,8.439519644
CP007034.embl,40.2626309,2.402823652,6.896946467,1.959565156,4.139306825,0.631532949,4.698435463
CP007035.embl,38.42402311,3.582758558,5.843318539,2.469915362,3.370025865,1.045145171,3.189282765
CP007044.embl,42.59075224,3.74015837,7.409095159,2.810906183,3.152345707,0.400877739,5.087355059
CP007051.embl,27.48810821,5.494931648,4.322547144,2.527696934,3.886130677,2.230509994,0.668055809
CP007053.embl,56.41071668,0.718611538,9.312689285,1.830853915,3.972321567,0.408692204,6.997980005
CP007062.embl,22.40184568,6.557871942,2.655779144,2.026115027,3.867879214,3.053595915,0.172409629
CP007128.embl,69.58217962,0.275470447,9.724486664,1.670468477,3.35398749,0.14643558,8.957384795
CP007139.embl,57.05110063,1.573478734,8.047255174,2.022513631,3.972131564,0.622121467,6.175483854
CP007142.embl,41.966023,3.243719322,7.143664712,2.751323118,3.933676637,0.876505774,4.301493881
CP007152.embl,51.0148369,1.748205949,8.594605215,2.426238059,3.764408548,0.81258596,5.683891431
CP007155.embl,65.97753052,0.756083666,10.30858687,1.905861247,3.434091896,0.702253933,7.150307318
CP007161.embl,34.28474778,4.992876847,4.562986575,2.003408325,3.845914301,1.619469135,2.209967511
CP007201.embl,32.60729089,4.026631404,6.236690053,2.933188735,3.636317132,0.94319981,2.611013206
CP007202.embl,24.80871967,6.448585988,2.750065228,2.345702427,4.097644343,1.442723303,1.71757265
CP007444.embl,61.5166121,1.29579764,9.22356394,2.276165862,3.348711658,0.254263625,6.734967368
CP007445.embl,25.77632333,6.689723875,3.616664928,2.326603792,4.052741932,0.899265524,2.986221847
CP007446.embl,29.7192451,4.161819901,6.290146979,2.822106982,3.248574621,0.672148526,4.04062688
CP007447.embl,27.98711583,6.675087779,2.381264087,2.186422667,3.85944055,1.364125826,2.170146567
CP007451.embl,34.50830396,3.891140195,5.232434429,2.155012736,3.925192645,0.801163258,3.075414314
CP007481.embl,38.65298528,3.34949622,6.83747495,2.691902136,5.478961539,3.192417489,1.755760378
CP007519.embl,53.40280296,1.464763465,8.226106174,1.236355056,4.484292384,0.482758569,5.813372178
CP007566.embl,50.02832528,1.07392628,10.95567022,2.770050793,2.78106855,0.339433056,5.562567762
CP008788.embl,46.63634463,1.360749496,9.496938809,2.641048607,3.27916001,0.369981192,5.455057051
CP008796.embl,34.63900701,5.618245543,5.854978538,1.551366222,3.481460229,3.352517257,0.778496003
CP008802.embl,61.26995853,0.964016553,8.632653393,1.587588719,4.106673929,0.173575825,6.698116275
CP008803.embl,56.22199705,2.201977698,9.004658712,1.716630098,3.695530642,0.778996724,5.995491569
CP008804.embl,31.74229153,5.382755299,4.675803776,2.592550106,3.329728017,0.569476082,3.751258674
CP008876.embl,38.99862012,3.703247277,6.216260921,2.214236577,3.629306114,1.018635364,3.135817318
CP008889.embl,69.0600514,0.464739202,8.990267856,1.792606131,3.801900915,0.167974598,7.015748507
CP009056.embl,25.63029723,6.762272549,3.550071999,2.34225684,4.01256709,0.90692499,3.139219793
CP009122.embl,59.08799862,1.010066079,8.636902925,2.195005001,3.182492897,0.293749135,6.832477202
CP009129.embl,34.60520805,5.91564362,3.905279258,1.945464804,4.104000183,0.687696153,3.305311654
CP009159.embl,31.79836085,6.736371781,3.624070032,2.260514621,3.607011089,0.422379422,3.850681027
CP009217.embl,25.13944011,6.729707463,3.440518051,2.516030657,4.394387782,1.981867449,1.483231903
CP009257.embl,31.63382336,5.913564719,4.325709786,2.322535296,3.713184626,0.587304971,3.781604557
CP009291.embl,60.10943926,0.723155649,9.096749397,1.985092197,3.57298028,0.471381065,6.699274198
CP009301.embl,31.49941774,3.019503425,6.066017967,2.550179017,3.636265596,1.52994764,2.189248577
CP009302.embl,61.87053094,0.787861759,8.266366957,1.644956448,4.756504636,0.683338016,5.645855577
CP009415.embl,26.76196254,6.123639124,3.470474161,2.694422104,3.374555659,2.395003186,1.165644813
CP009416.embl,38.787489,2.635211482,6.933914497,1.920384156,4.161461734,1.742397817,2.4364551
CP009440.embl,23.73908027,5.067054188,4.470228906,2.618335137,4.421486917,2.152720874,1.007736848
CP009450.embl,46.99699127,0.659187254,10.23289917,2.741768164,3.102867535,0.438711082,5.734877883
CP009460.embl,49.40160396,2.125448379,9.13810432,2.559595807,3.454885441,0.299731279,5.863778994
CP009495.embl,61.53577558,0.942152553,8.853727498,1.576496674,3.64948008,0.396750988,6.846932792
CP009621.embl,40.48946702,2.401357086,7.553778969,2.554164067,3.485755216,1.252377982,3.372189746
CP009706.embl,40.94541367,3.772440965,7.005217948,2.628381726,3.55974685,0.335056345,4.930740295
CP009761.embl,24.36830558,6.072896069,3.138549244,2.117083613,4.236888413,2.998294723,0.338674419
CP009962.embl,47.36010791,2.919466826,7.722242597,2.640587899,3.536179784,0.391469409,5.153877832
CP010049.embl,17.40222175,8.25765096,2.144275244,1.973197879,4.406298182,1.243478996,3.193444146
CP010310.embl,60.46624185,1.141482646,9.221432236,1.807896034,3.557361091,0.292578303,6.74854702
CP010311.embl,50.53143987,1.291159448,9.348210101,2.047580135,3.381878969,0.638024406,6.422494582
CP010327.embl,27.36913554,5.727145342,3.722327154,2.437757374,3.864468726,1.954425596,1.530900872
CP010557.embl,47.62799229,1.015420703,10.06490585,2.688737197,3.206741679,0.333510612,5.59507598
CP010803.embl,56.70740649,0.478691412,9.369443614,1.578095883,3.878706859,0.509790743,5.929126392
CP010812.embl,41.31357302,4.237233403,6.553922418,2.573443084,3.648277293,0.355512214,4.584405281
CP010820.embl,32.77435636,5.683157371,4.181754567,1.875085108,3.931167156,0.858693929,2.931710687
CP010848.embl,58.96298316,1.211675652,9.028924911,1.896728728,4.521067928,0.481241466,6.998977412
CP010954.embl,59.39218065,0.871465556,9.104036245,2.128391467,3.136568807,0.532434169,6.951892211
CP010978.embl,35.13084175,5.144321434,4.538461412,2.38038205,3.589251219,1.321527872,2.800607531
CP011047.embl,47.75015717,1.239935551,9.523755467,2.506056265,3.149257696,0.325195499,5.772239036
CP011052.embl,49.20409229,3.075462521,8.218643233,2.657369858,3.221456156,0.37014844,5.819674053
CP011132.embl,44.41014974,2.001544478,8.732481968,2.522013249,3.424512057,0.366781805,5.198379186
CP011144.embl,67.57930965,0.441131214,10.60033086,1.892539605,2.833714167,0.242847778,7.749531162
CP011265.embl,57.00915404,1.552569687,9.04920709,1.957324403,4.228094172,0.312409526,6.017457022
CP011280.embl,25.1636995,6.287615327,3.097756181,2.332481116,3.692058501,2.855456571,0.353326029
CP011301.embl,63.47420311,0.506519977,9.467198166,1.694904678,3.501222194,0.145818076,7.346184763
CR522870.embl,40.98889004,2.183071696,8.237888179,2.507598482,4.075034014,1.689369286,3.325628764
CR767821.embl,25.01914251,6.3518003,3.205036848,2.975110292,5.145477636,2.291981391,1.183203327
CU207211.embl,46.66654372,2.833603597,7.536981163,2.172977881,3.695043672,0.466650543,5.346360165
CU207366.embl,29.386237,3.933951622,5.278234089,2.338753931,4.276148526,2.237582672,1.456481043
FM162591.embl,38.62461132,4.894355935,5.643347015,2.555499564,3.904745907,0.927445347,4.121460884
FM178379.embl,37.48947346,5.767890117,4.518480985,2.269839273,4.345046402,0.682742806,3.687581971
FO082060.embl,44.71715899,5.463746269,5.302019003,2.355555277,3.677530577,0.963304695,4.643894129
FO117623.embl,72.29857599,0.31310315,10.29431832,1.576242178,3.315553256,0.244671238,8.049778784
FO203355.embl,45.84056427,1.952040604,8.927072467,2.656083079,3.238645688,0.276913732,5.476465791
FO203431.embl,73.45388833,0.226659503,10.542368,1.665242705,3.293844081,0.189724573,7.825155094
FO203503.embl,35.03943662,3.228356954,6.24802831,1.794154955,4.425824216,2.066198609,2.232843496
FO538765.embl,53.06222938,2.612193256,7.710302892,1.736904231,3.533775563,0.416310063,6.207830484
FO818637.embl,35.100683,4.225903416,6.320479033,2.443049057,3.924938896,0.850006275,4.405779953
FP236843.embl,46.65376381,1.937958775,9.002472721,2.782933468,3.443912006,0.375030415,5.111339458
FP475956.embl,57.73517772,1.510803846,9.793150447,2.348838172,3.001092667,0.244331294,6.632516049
FP476056.embl,34.60857096,4.395985807,4.827353866,2.364371732,4.1142418,1.57081276,2.180099162
FP565814.embl,61.94528157,0.566870827,9.144960254,1.788287736,4.099944041,0.29100519,7.439365135
FP929032.embl,54.11460081,1.076273481,7.806611789,1.588257997,4.086889901,0.468666294,5.938167847
FP929038.embl,39.8298783,2.563051791,6.13213304,2.125146258,3.62943182,1.877361818,2.487137715
FP929045.embl,51.91148643,0.848929435,8.794484862,2.585410429,2.945631156,0.497543835,4.687918091
FP929047.embl,65.80698738,0.75506598,8.509090664,1.731217438,3.7306065,0.629334161,5.332885537
FP929048.embl,29.4778098,6.707947459,2.65793168,2.077678989,3.312620387,1.188146826,2.246357097
FP929050.embl,39.62025716,2.953562686,5.570923436,2.070963218,3.609776316,1.713760225,2.495702647
FP929054.embl,39.8637862,1.750043785,6.945954931,2.149301692,3.636214905,1.664361172,2.611379532
FP929056.embl,62.24793675,0.888602168,9.622477033,1.928657478,3.692913149,1.405392657,5.679839622
FP929061.embl,34.18005416,4.501658622,3.976888516,1.980896699,3.585397253,2.068276567,1.778033045
FP929062.embl,44.61330142,1.912115898,6.842011978,1.995373048,3.659699808,1.6089386,2.974169294
FQ312005.embl,36.15151383,3.484568898,6.534102835,2.688601847,5.326554563,3.171821927,0.971185664
FQ859181.embl,55.59032621,1.522650455,8.152728097,1.86254978,4.193780616,0.513086124,6.131910495
FR872580.embl,32.14108068,5.231934014,5.524804735,1.977367299,4.677221626,1.30430901,2.943949552
FR872582.embl,34.08516196,3.348539414,7.407339182,2.034991967,4.588534519,1.141837598,3.256566093
HE717023.embl,35.85148884,3.81103595,5.769317233,2.040886494,4.248482118,1.390006797,2.842430339
HE804045.embl,69.48431808,0.785063908,9.684018851,1.326754064,3.555978828,0.385028377,8.055689072
HE956757.embl,60.03404492,1.217678395,8.739935996,1.68636801,3.800627131,0.611439542,7.135164992
HE983995.embl,29.6114199,5.808905708,4.933628752,2.269367267,3.775612243,1.683496402,2.45799102
HE999757.embl,29.69278731,6.895326106,2.96937065,2.523355059,3.779364935,0.942655824,2.483969664
HF563609.embl,31.27513768,4.387071932,4.973107929,2.129752692,3.615958861,2.37619089,1.599115605
HF571988.embl,40.59030396,4.791191965,6.146521081,2.729178439,3.509797845,0.443537068,4.815545307
HF680312.embl,43.86473611,5.3281468,5.191276522,2.840889842,3.597249043,0.389359599,4.943160644
HF951689.embl,48.35311745,2.417191342,8.614770545,2.000407332,3.332810364,0.769739746,5.826887977
HG315671.embl,26.31563252,6.512545973,2.686078819,2.270243027,4.27528135,1.356814173,1.880012089
HG322949.embl,51.43883268,2.670975266,8.218599645,2.74286734,3.248953445,0.3069479,5.842012478
HG530068.embl,61.90195644,1.017435058,11.13528827,2.782700323,2.8273289,0.366678037,7.364390641
HG934468.embl,39.78182997,3.427924815,5.483777025,2.258310292,4.070116693,1.298568716,3.891407675
HG938353.embl,54.85872645,0.722576867,9.10707763,1.602859578,4.109628753,0.550665901,5.98622683
LK028559.embl,27.48173311,6.574061707,3.606661804,1.890045309,4.35277558,2.149777563,1.202083612
LN614827.embl,35.36992412,6.279825163,4.642163801,2.511765683,4.186002167,1.36388219,2.748065628
LN614830.embl,35.87226675,5.91555413,5.243960432,2.422462597,3.955465697,1.18031587,3.353343742
